{"cameraMode":{"drawMode":0,"name":"Shaded","section":"Shading Mode"},"sceneLighting":true,"audioPlay":false,"sceneViewState":{"showFog":true,"showMaterialUpdate":false,"showSkybox":true,"showFlares":true,"showImageEffects":true,"showParticleSystems":true},"in2DMode":false,"pivot":{"x":0.2958785891532898,"y":0.4676370620727539,"z":0.04860067367553711},"rotation":{"x":0.000856851227581501,"y":-0.9980826377868652,"z":0.060266945511102679,"w":0.014076963998377324},"size":1.6121435165405274,"orthographic":false}