{"cameraMode":{"drawMode":0,"name":"Shaded","section":"Shading Mode"},"sceneLighting":true,"audioPlay":false,"sceneViewState":{"showFog":true,"showMaterialUpdate":false,"showSkybox":true,"showFlares":true,"showImageEffects":true,"showParticleSystems":true},"in2DMode":false,"pivot":{"x":0.015700001269578935,"y":0.19380006194114686,"z":-0.033900000154972079},"rotation":{"x":-0.12393338233232498,"y":-0.3912352919578552,"z":0.05327008292078972,"w":-0.9103503227233887},"size":0.1616571694612503,"orthographic":false}