{"cameraMode":{"drawMode":0,"name":"Shaded","section":"Shading Mode"},"sceneLighting":false,"audioPlay":false,"sceneViewState":{"showFog":true,"showMaterialUpdate":false,"showSkybox":true,"showFlares":true,"showImageEffects":true,"showParticleSystems":true},"in2DMode":false,"pivot":{"x":385.88800048828127,"y":403.39459228515627,"z":-765.00341796875},"rotation":{"x":-0.15302017331123353,"y":0.7518177628517151,"z":-0.18757186830043794,"w":-0.6133283376693726},"size":2024.150390625,"orthographic":false}