{"cameraMode":{"drawMode":0,"name":"Shaded","section":"Shading Mode"},"sceneLighting":true,"audioPlay":false,"sceneViewState":{"showFog":true,"showMaterialUpdate":false,"showSkybox":true,"showFlares":true,"showImageEffects":true,"showParticleSystems":true},"in2DMode":false,"pivot":{"x":0.09495092928409577,"y":0.1442508101463318,"z":-0.0658823624253273},"rotation":{"x":0.13525527715682984,"y":0.8609861731529236,"z":-0.30069369077682497,"w":0.38728824257850649},"size":0.8729140162467957,"orthographic":false}