{"cameraMode":{"drawMode":0,"name":"Shaded","section":"Shading Mode"},"sceneLighting":false,"audioPlay":false,"sceneViewState":{"showFog":true,"showMaterialUpdate":false,"showSkybox":true,"showFlares":true,"showImageEffects":true,"showParticleSystems":true},"in2DMode":false,"pivot":{"x":351.36431884765627,"y":115.37596130371094,"z":166.5281982421875},"rotation":{"x":-0.15302018821239472,"y":0.7518178224563599,"z":-0.18757188320159913,"w":-0.6133283972740173},"size":500.381591796875,"orthographic":false}